algorithm,configuration,superpixels,data_set,category,MaxF,AvgPrec,PRE_wp,REC_wp,FPR_wp,FNR_wp
baggingdecision_tree,"{""algorithm_name"": ""decision_tree"", ""criterion"": ""gini"", ""n_estimators"": 5, ""max_depth"": 1, ""min_samples_split"": 2}",15000,train,um_road,57.8193848413064,37.94922803078115,42.64804458618164,89.74452209472656,24.377229690551758,10.255481719970703
baggingdecision_tree,"{""algorithm_name"": ""decision_tree"", ""criterion"": ""gini"", ""n_estimators"": 5, ""max_depth"": 1, ""min_samples_split"": 2}",15000,train,umm_road,70.65265566467973,52.57100694148542,59.01219940185547,88.01383972167969,18.868478775024414,11.986161231994629
baggingdecision_tree,"{""algorithm_name"": ""decision_tree"", ""criterion"": ""gini"", ""n_estimators"": 5, ""max_depth"": 1, ""min_samples_split"": 2}",15000,train,uu_road,50.046315037085066,30.944997927399758,34.77772903442383,89.21444702148438,26.53458023071289,10.78555679321289
baggingdecision_tree,"{""algorithm_name"": ""decision_tree"", ""criterion"": ""gini"", ""n_estimators"": 5, ""max_depth"": 1, ""min_samples_split"": 2}",15000,valid,um_road,55.94299404875602,38.182436403469055,40.412967681884766,90.85832977294922,25.278478622436523,9.141669273376465
baggingdecision_tree,"{""algorithm_name"": ""decision_tree"", ""criterion"": ""gini"", ""n_estimators"": 5, ""max_depth"": 1, ""min_samples_split"": 2}",15000,valid,umm_road,71.40671393095934,53.42025473932486,59.916751861572266,88.34899139404297,18.855192184448242,11.651007652282715
baggingdecision_tree,"{""algorithm_name"": ""decision_tree"", ""criterion"": ""gini"", ""n_estimators"": 5, ""max_depth"": 1, ""min_samples_split"": 2}",15000,valid,uu_road,45.53878739359301,27.266449466408865,30.616945266723633,88.833984375,27.935138702392578,11.166011810302734
baggingdecision_tree,"{""algorithm_name"": ""decision_tree"", ""criterion"": ""gini"", ""n_estimators"": 5, ""max_depth"": 2, ""min_samples_split"": 2}",15000,train,um_road,73.78594712940878,58.224701670915415,63.88555908203125,87.31761932373047,9.970282554626465,12.682378768920898
baggingdecision_tree,"{""algorithm_name"": ""decision_tree"", ""criterion"": ""gini"", ""n_estimators"": 5, ""max_depth"": 2, ""min_samples_split"": 2}",15000,train,umm_road,73.0320958608398,66.20910008903927,74.2081069946289,71.89277648925781,7.712409019470215,28.107229232788086
baggingdecision_tree,"{""algorithm_name"": ""decision_tree"", ""criterion"": ""gini"", ""n_estimators"": 5, ""max_depth"": 2, ""min_samples_split"": 2}",15000,train,uu_road,62.266173920422894,45.26763546829701,49.59674835205078,83.6291275024414,13.478615760803223,16.370872497558594
baggingdecision_tree,"{""algorithm_name"": ""decision_tree"", ""criterion"": ""gini"", ""n_estimators"": 5, ""max_depth"": 2, ""min_samples_split"": 2}",15000,valid,um_road,72.37629329939423,55.399204425135174,60.816200256347656,89.362548828125,10.864206314086914,10.637452125549316
baggingdecision_tree,"{""algorithm_name"": ""decision_tree"", ""criterion"": ""gini"", ""n_estimators"": 5, ""max_depth"": 2, ""min_samples_split"": 2}",15000,valid,umm_road,78.49427752615463,70.66263082351877,79.62506866455078,77.39515686035156,6.317931175231934,22.604843139648438
baggingdecision_tree,"{""algorithm_name"": ""decision_tree"", ""criterion"": ""gini"", ""n_estimators"": 5, ""max_depth"": 2, ""min_samples_split"": 2}",15000,valid,uu_road,60.210304409866296,41.87537218096674,45.95335388183594,87.29271697998047,14.24654769897461,12.70727825164795
baggingdecision_tree,"{""algorithm_name"": ""decision_tree"", ""criterion"": ""gini"", ""n_estimators"": 5, ""max_depth"": 5, ""min_samples_split"": 2}",15000,train,um_road,83.16861487478707,82.86115818181995,80.84873962402344,85.62554931640625,4.096893787384033,14.374448776245117
baggingdecision_tree,"{""algorithm_name"": ""decision_tree"", ""criterion"": ""gini"", ""n_estimators"": 5, ""max_depth"": 5, ""min_samples_split"": 2}",15000,train,umm_road,84.33329008400004,86.06185770974444,82.25458526611328,86.51978302001953,5.761220455169678,13.480217933654785
baggingdecision_tree,"{""algorithm_name"": ""decision_tree"", ""criterion"": ""gini"", ""n_estimators"": 5, ""max_depth"": 5, ""min_samples_split"": 2}",15000,train,uu_road,79.20316230176357,76.023551245503,77.44152069091797,81.04681396484375,3.7441582679748535,18.953184127807617
baggingdecision_tree,"{""algorithm_name"": ""decision_tree"", ""criterion"": ""gini"", ""n_estimators"": 5, ""max_depth"": 5, ""min_samples_split"": 2}",15000,valid,um_road,84.0819109475355,82.7601240890321,79.87721252441406,88.75387573242188,4.218982219696045,11.246129035949707
baggingdecision_tree,"{""algorithm_name"": ""decision_tree"", ""criterion"": ""gini"", ""n_estimators"": 5, ""max_depth"": 5, ""min_samples_split"": 2}",15000,valid,umm_road,87.37177528367911,87.41245579622313,85.4769287109375,89.3525390625,4.843186378479004,10.64746379852295
baggingdecision_tree,"{""algorithm_name"": ""decision_tree"", ""criterion"": ""gini"", ""n_estimators"": 5, ""max_depth"": 5, ""min_samples_split"": 2}",15000,valid,uu_road,80.43457963838966,73.67793232660588,77.73094940185547,83.33306884765625,3.3128767013549805,16.666933059692383
baggingdecision_tree,"{""algorithm_name"": ""decision_tree"", ""criterion"": ""gini"", ""n_estimators"": 5, ""max_depth"": 7, ""min_samples_split"": 2}",15000,train,um_road,87.35490794765846,86.99122968760612,86.68331146240234,88.0369873046875,2.731826066970825,11.963013648986816
baggingdecision_tree,"{""algorithm_name"": ""decision_tree"", ""criterion"": ""gini"", ""n_estimators"": 5, ""max_depth"": 7, ""min_samples_split"": 2}",15000,train,umm_road,87.67046762547287,88.90252955435773,88.48766326904297,86.86822509765625,3.488306760787964,13.13177490234375
baggingdecision_tree,"{""algorithm_name"": ""decision_tree"", ""criterion"": ""gini"", ""n_estimators"": 5, ""max_depth"": 7, ""min_samples_split"": 2}",15000,train,uu_road,82.53934994621356,81.05673541468762,80.39790344238281,84.7979965209961,3.278881788253784,15.202006340026855
baggingdecision_tree,"{""algorithm_name"": ""decision_tree"", ""criterion"": ""gini"", ""n_estimators"": 5, ""max_depth"": 7, ""min_samples_split"": 2}",15000,valid,um_road,87.7815398738657,86.39119640725895,84.85704040527344,90.91481018066406,3.061347484588623,9.085188865661621
baggingdecision_tree,"{""algorithm_name"": ""decision_tree"", ""criterion"": ""gini"", ""n_estimators"": 5, ""max_depth"": 7, ""min_samples_split"": 2}",15000,valid,umm_road,90.51561997244129,90.32900851950315,89.6406478881836,91.40784454345703,3.3699686527252197,8.592157363891602
baggingdecision_tree,"{""algorithm_name"": ""decision_tree"", ""criterion"": ""gini"", ""n_estimators"": 5, ""max_depth"": 7, ""min_samples_split"": 2}",15000,valid,uu_road,82.67102439257955,79.86642455347179,76.3076400756836,90.19226837158203,3.8858835697174072,9.807731628417969
baggingdecision_tree,"{""algorithm_name"": ""decision_tree"", ""criterion"": ""gini"", ""n_estimators"": 5, ""max_depth"": 10, ""min_samples_split"": 2}",15000,train,um_road,90.0279857599024,90.37211159297925,90.72610473632812,89.34052276611328,1.8446145057678223,10.659473419189453
baggingdecision_tree,"{""algorithm_name"": ""decision_tree"", ""criterion"": ""gini"", ""n_estimators"": 5, ""max_depth"": 10, ""min_samples_split"": 2}",15000,train,umm_road,91.24013567968949,91.0422102698692,88.2931900024414,94.39059448242188,3.862898826599121,5.609402179718018
baggingdecision_tree,"{""algorithm_name"": ""decision_tree"", ""criterion"": ""gini"", ""n_estimators"": 5, ""max_depth"": 10, ""min_samples_split"": 2}",15000,train,uu_road,84.58244467980745,86.18255995610323,85.14196014404297,84.03023529052734,2.325604200363159,15.969764709472656
baggingdecision_tree,"{""algorithm_name"": ""decision_tree"", ""criterion"": ""gini"", ""n_estimators"": 5, ""max_depth"": 10, ""min_samples_split"": 2}",15000,valid,um_road,89.52681236155506,90.3391809820786,89.52478790283203,89.5288314819336,1.9766860008239746,10.471161842346191
baggingdecision_tree,"{""algorithm_name"": ""decision_tree"", ""criterion"": ""gini"", ""n_estimators"": 5, ""max_depth"": 10, ""min_samples_split"": 2}",15000,valid,umm_road,92.29908786515378,91.14971829568098,88.02597045898438,97.00823974609375,4.209716796875,2.991760492324829
baggingdecision_tree,"{""algorithm_name"": ""decision_tree"", ""criterion"": ""gini"", ""n_estimators"": 5, ""max_depth"": 10, ""min_samples_split"": 2}",15000,valid,uu_road,85.70025948024085,87.13200612481653,88.01893615722656,83.5006103515625,1.5772085189819336,16.499387741088867
baggingdecision_tree,"{""algorithm_name"": ""decision_tree"", ""criterion"": ""gini"", ""n_estimators"": 5, ""max_depth"": 15, ""min_samples_split"": 2}",15000,train,um_road,93.0704759570498,91.48317617506628,92.17906951904297,93.97929382324219,1.610592246055603,6.0207085609436035
baggingdecision_tree,"{""algorithm_name"": ""decision_tree"", ""criterion"": ""gini"", ""n_estimators"": 5, ""max_depth"": 15, ""min_samples_split"": 2}",15000,train,umm_road,94.64734373533615,92.24320631606506,92.87005615234375,96.49398040771484,2.2865653038024902,3.5060174465179443
baggingdecision_tree,"{""algorithm_name"": ""decision_tree"", ""criterion"": ""gini"", ""n_estimators"": 5, ""max_depth"": 15, ""min_samples_split"": 2}",15000,train,uu_road,88.76569601928303,89.37763599348962,87.4352035522461,90.1373062133789,2.054263114929199,9.862693786621094
baggingdecision_tree,"{""algorithm_name"": ""decision_tree"", ""criterion"": ""gini"", ""n_estimators"": 5, ""max_depth"": 15, ""min_samples_split"": 2}",15000,valid,um_road,90.17222960950077,90.76289822280434,88.09954833984375,92.34478759765625,2.3537344932556152,7.655209541320801
baggingdecision_tree,"{""algorithm_name"": ""decision_tree"", ""criterion"": ""gini"", ""n_estimators"": 5, ""max_depth"": 15, ""min_samples_split"": 2}",15000,valid,umm_road,92.5411008611924,91.68092337428408,89.94007110595703,95.29705047607422,3.4004454612731934,4.702950477600098
baggingdecision_tree,"{""algorithm_name"": ""decision_tree"", ""criterion"": ""gini"", ""n_estimators"": 5, ""max_depth"": 15, ""min_samples_split"": 2}",15000,valid,uu_road,85.0466359029901,87.70715089912476,85.98516845703125,84.12836456298828,1.9027726650238037,15.871628761291504
baggingdecision_tree,"{""algorithm_name"": ""decision_tree"", ""criterion"": ""gini"", ""n_estimators"": 10, ""max_depth"": 1, ""min_samples_split"": 2}",15000,train,um_road,57.832635243882244,37.98351982361768,42.68537902832031,89.6432876586914,24.312597274780273,10.35671329498291
baggingdecision_tree,"{""algorithm_name"": ""decision_tree"", ""criterion"": ""gini"", ""n_estimators"": 10, ""max_depth"": 1, ""min_samples_split"": 2}",15000,train,umm_road,70.66478632644888,52.617228886735134,59.066558837890625,87.93074798583984,18.80834197998047,12.069246292114258
baggingdecision_tree,"{""algorithm_name"": ""decision_tree"", ""criterion"": ""gini"", ""n_estimators"": 10, ""max_depth"": 1, ""min_samples_split"": 2}",15000,train,uu_road,50.060934461728465,30.97317524797018,34.81424331665039,89.0675277709961,26.448286056518555,10.932469367980957
baggingdecision_tree,"{""algorithm_name"": ""decision_tree"", ""criterion"": ""gini"", ""n_estimators"": 10, ""max_depth"": 1, ""min_samples_split"": 2}",15000,valid,um_road,55.98954798429263,38.24277188961972,40.479652404785156,90.76730346679688,25.183338165283203,9.232696533203125
baggingdecision_tree,"{""algorithm_name"": ""decision_tree"", ""criterion"": ""gini"", ""n_estimators"": 10, ""max_depth"": 1, ""min_samples_split"": 2}",15000,valid,umm_road,71.4235659304985,53.474215384027936,59.982704162597656,88.25743103027344,18.78398323059082,11.74256706237793
baggingdecision_tree,"{""algorithm_name"": ""decision_tree"", ""criterion"": ""gini"", ""n_estimators"": 10, ""max_depth"": 1, ""min_samples_split"": 2}",15000,valid,uu_road,45.55491702898774,27.292142986523928,30.646625518798828,88.70726013183594,27.85634994506836,11.29273509979248
baggingdecision_tree,"{""algorithm_name"": ""decision_tree"", ""criterion"": ""gini"", ""n_estimators"": 10, ""max_depth"": 2, ""min_samples_split"": 2}",15000,train,um_road,73.94404141820898,58.53388949262502,64.23384094238281,87.11285400390625,9.797561645507812,12.88714599609375
baggingdecision_tree,"{""algorithm_name"": ""decision_tree"", ""criterion"": ""gini"", ""n_estimators"": 10, ""max_depth"": 2, ""min_samples_split"": 2}",15000,train,umm_road,72.84352455485752,66.25866397028157,74.25951385498047,71.48052215576172,7.6476054191589355,28.51947593688965
baggingdecision_tree,"{""algorithm_name"": ""decision_tree"", ""criterion"": ""gini"", ""n_estimators"": 10, ""max_depth"": 2, ""min_samples_split"": 2}",15000,train,uu_road,62.30421540475521,45.430635771859954,49.788856506347656,83.22416687011719,13.310665130615234,16.775835037231445
baggingdecision_tree,"{""algorithm_name"": ""decision_tree"", ""criterion"": ""gini"", ""n_estimators"": 10, ""max_depth"": 2, ""min_samples_split"": 2}",15000,valid,um_road,72.59821369327808,55.73956593685557,61.1959114074707,89.22257995605469,10.675422668457031,10.777420997619629
baggingdecision_tree,"{""algorithm_name"": ""decision_tree"", ""criterion"": ""gini"", ""n_estimators"": 10, ""max_depth"": 2, ""min_samples_split"": 2}",15000,valid,umm_road,78.40569186625652,70.82315538787672,79.78075408935547,77.07722473144531,6.231715679168701,22.922775268554688
baggingdecision_tree,"{""algorithm_name"": ""decision_tree"", ""criterion"": ""gini"", ""n_estimators"": 10, ""max_depth"": 2, ""min_samples_split"": 2}",15000,valid,uu_road,60.287225569177224,42.04254135412955,46.13525390625,86.963134765625,14.089221000671387,13.036865234375
baggingdecision_tree,"{""algorithm_name"": ""decision_tree"", ""criterion"": ""gini"", ""n_estimators"": 10, ""max_depth"": 5, ""min_samples_split"": 2}",15000,train,um_road,83.54944269501846,82.92332655035352,78.9913330078125,88.66580963134766,4.763243198394775,11.334185600280762
baggingdecision_tree,"{""algorithm_name"": ""decision_tree"", ""criterion"": ""gini"", ""n_estimators"": 10, ""max_depth"": 5, ""min_samples_split"": 2}",15000,train,umm_road,83.9616112437275,86.3328138420177,81.21887969970703,86.89605712890625,6.202083110809326,13.10394287109375
baggingdecision_tree,"{""algorithm_name"": ""decision_tree"", ""criterion"": ""gini"", ""n_estimators"": 10, ""max_depth"": 5, ""min_samples_split"": 2}",15000,train,uu_road,79.36575962856377,76.23176388181369,77.318115234375,81.52481079101562,3.792889356613159,18.475183486938477
baggingdecision_tree,"{""algorithm_name"": ""decision_tree"", ""criterion"": ""gini"", ""n_estimators"": 10, ""max_depth"": 5, ""min_samples_split"": 2}",15000,valid,um_road,84.21642505304865,83.12383054692435,80.002197265625,88.89932250976562,4.193088531494141,11.100677490234375
baggingdecision_tree,"{""algorithm_name"": ""decision_tree"", ""criterion"": ""gini"", ""n_estimators"": 10, ""max_depth"": 5, ""min_samples_split"": 2}",15000,valid,umm_road,86.70718357208696,87.62468300061064,84.39289093017578,89.15199279785156,5.259719371795654,10.848010063171387
baggingdecision_tree,"{""algorithm_name"": ""decision_tree"", ""criterion"": ""gini"", ""n_estimators"": 10, ""max_depth"": 5, ""min_samples_split"": 2}",15000,valid,uu_road,80.40918609710776,73.75451355119496,77.20841979980469,83.88681030273438,3.4362409114837646,16.113183975219727
baggingdecision_tree,"{""algorithm_name"": ""decision_tree"", ""criterion"": ""gini"", ""n_estimators"": 10, ""max_depth"": 7, ""min_samples_split"": 2}",15000,train,um_road,87.50563613516827,87.41367430328789,86.70829010009766,88.31778717041016,2.7346127033233643,11.682214736938477
baggingdecision_tree,"{""algorithm_name"": ""decision_tree"", ""criterion"": ""gini"", ""n_estimators"": 10, ""max_depth"": 7, ""min_samples_split"": 2}",15000,train,umm_road,87.8302258573374,89.03211603151303,84.09207153320312,91.91618347167969,5.3668999671936035,8.083818435668945
baggingdecision_tree,"{""algorithm_name"": ""decision_tree"", ""criterion"": ""gini"", ""n_estimators"": 10, ""max_depth"": 7, ""min_samples_split"": 2}",15000,train,uu_road,82.5069838345333,81.42630995690789,80.89958953857422,84.1795425415039,3.1519935131073,15.820453643798828
baggingdecision_tree,"{""algorithm_name"": ""decision_tree"", ""criterion"": ""gini"", ""n_estimators"": 10, ""max_depth"": 7, ""min_samples_split"": 2}",15000,valid,um_road,87.80620630364014,86.66260849082217,84.58051300048828,91.2876968383789,3.1402699947357178,8.712306022644043
baggingdecision_tree,"{""algorithm_name"": ""decision_tree"", ""criterion"": ""gini"", ""n_estimators"": 10, ""max_depth"": 7, ""min_samples_split"": 2}",15000,valid,umm_road,90.15127795936611,90.3492992303267,88.82298278808594,91.5198974609375,3.6739282608032227,8.480100631713867
baggingdecision_tree,"{""algorithm_name"": ""decision_tree"", ""criterion"": ""gini"", ""n_estimators"": 10, ""max_depth"": 7, ""min_samples_split"": 2}",15000,valid,uu_road,82.29216186566248,80.10242736604174,76.45365905761719,89.09613037109375,3.8077127933502197,10.90386962890625
baggingdecision_tree,"{""algorithm_name"": ""decision_tree"", ""criterion"": ""gini"", ""n_estimators"": 10, ""max_depth"": 10, ""min_samples_split"": 2}",15000,train,um_road,90.13703142227203,90.36215082742551,91.06016540527344,89.23242950439453,1.7695029973983765,10.767570495605469
baggingdecision_tree,"{""algorithm_name"": ""decision_tree"", ""criterion"": ""gini"", ""n_estimators"": 10, ""max_depth"": 10, ""min_samples_split"": 2}",15000,train,umm_road,91.25668589872569,91.10194252231082,89.18058776855469,93.43174743652344,3.4986515045166016,6.568254470825195
baggingdecision_tree,"{""algorithm_name"": ""decision_tree"", ""criterion"": ""gini"", ""n_estimators"": 10, ""max_depth"": 10, ""min_samples_split"": 2}",15000,train,uu_road,84.52762501867484,86.27485451370589,83.1834945678711,85.91590881347656,2.7545759677886963,14.084085464477539
baggingdecision_tree,"{""algorithm_name"": ""decision_tree"", ""criterion"": ""gini"", ""n_estimators"": 10, ""max_depth"": 10, ""min_samples_split"": 2}",15000,valid,um_road,89.43970150770974,90.33519173070323,89.06974029541016,89.81275177001953,2.079665422439575,10.187250137329102
baggingdecision_tree,"{""algorithm_name"": ""decision_tree"", ""criterion"": ""gini"", ""n_estimators"": 10, ""max_depth"": 10, ""min_samples_split"": 2}",15000,valid,umm_road,92.45574991079889,91.20465761281257,89.77584838867188,95.30057525634766,3.462406635284424,4.699428558349609
baggingdecision_tree,"{""algorithm_name"": ""decision_tree"", ""criterion"": ""gini"", ""n_estimators"": 10, ""max_depth"": 10, ""min_samples_split"": 2}",15000,valid,uu_road,84.7846760497555,86.91647913177977,83.90402221679688,85.68401336669922,2.2809431552886963,14.315988540649414
baggingdecision_tree,"{""algorithm_name"": ""decision_tree"", ""criterion"": ""gini"", ""n_estimators"": 10, ""max_depth"": 15, ""min_samples_split"": 2}",15000,train,um_road,93.36124224175985,91.58414499039488,92.61561584472656,94.11897277832031,1.5157744884490967,5.881027698516846
baggingdecision_tree,"{""algorithm_name"": ""decision_tree"", ""criterion"": ""gini"", ""n_estimators"": 10, ""max_depth"": 15, ""min_samples_split"": 2}",15000,train,umm_road,94.89347659846896,92.3019474626921,93.12057495117188,96.73519897460938,2.2057888507843018,3.264805793762207
baggingdecision_tree,"{""algorithm_name"": ""decision_tree"", ""criterion"": ""gini"", ""n_estimators"": 10, ""max_depth"": 15, ""min_samples_split"": 2}",15000,train,uu_road,89.10080622400667,89.50800414249379,87.79701232910156,90.44390106201172,1.9936453104019165,9.556097984313965
baggingdecision_tree,"{""algorithm_name"": ""decision_tree"", ""criterion"": ""gini"", ""n_estimators"": 10, ""max_depth"": 15, ""min_samples_split"": 2}",15000,valid,um_road,90.38454154007755,90.88157901440883,90.41168975830078,90.35740661621094,1.8081573247909546,9.642594337463379
baggingdecision_tree,"{""algorithm_name"": ""decision_tree"", ""criterion"": ""gini"", ""n_estimators"": 10, ""max_depth"": 15, ""min_samples_split"": 2}",15000,valid,umm_road,92.89439911479307,91.78588068068781,90.81964111328125,95.066162109375,3.0656347274780273,4.933835983276367
baggingdecision_tree,"{""algorithm_name"": ""decision_tree"", ""criterion"": ""gini"", ""n_estimators"": 10, ""max_depth"": 15, ""min_samples_split"": 2}",15000,valid,uu_road,85.4800630929396,88.2993314710235,84.98446655273438,85.98147583007812,2.1080756187438965,14.018525123596191
baggingdecision_tree,"{""algorithm_name"": ""decision_tree"", ""criterion"": ""gini"", ""n_estimators"": 15, ""max_depth"": 1, ""min_samples_split"": 2}",15000,train,um_road,57.8315844295633,37.97946802212147,42.6829948425293,89.64875793457031,24.316452026367188,10.351240158081055
baggingdecision_tree,"{""algorithm_name"": ""decision_tree"", ""criterion"": ""gini"", ""n_estimators"": 15, ""max_depth"": 1, ""min_samples_split"": 2}",15000,train,umm_road,70.66478632644888,52.615482552716486,59.066558837890625,87.93074798583984,18.80834197998047,12.069246292114258
baggingdecision_tree,"{""algorithm_name"": ""decision_tree"", ""criterion"": ""gini"", ""n_estimators"": 15, ""max_depth"": 1, ""min_samples_split"": 2}",15000,train,uu_road,50.056295070721355,30.968658749994788,34.80872344970703,89.07429504394531,26.456727981567383,10.92570686340332
baggingdecision_tree,"{""algorithm_name"": ""decision_tree"", ""criterion"": ""gini"", ""n_estimators"": 15, ""max_depth"": 1, ""min_samples_split"": 2}",15000,valid,um_road,55.98457948239385,38.235448733503326,40.471595764160156,90.78169250488281,25.19575309753418,9.218302726745605
baggingdecision_tree,"{""algorithm_name"": ""decision_tree"", ""criterion"": ""gini"", ""n_estimators"": 15, ""max_depth"": 1, ""min_samples_split"": 2}",15000,valid,umm_road,71.4261243830114,53.47055327477922,59.9698486328125,88.29309844970703,18.8016414642334,11.706900596618652
baggingdecision_tree,"{""algorithm_name"": ""decision_tree"", ""criterion"": ""gini"", ""n_estimators"": 15, ""max_depth"": 1, ""min_samples_split"": 2}",15000,valid,uu_road,45.55448552645852,27.290495907959674,30.647146224975586,88.69963073730469,27.853271484375,11.300368309020996
baggingdecision_tree,"{""algorithm_name"": ""decision_tree"", ""criterion"": ""gini"", ""n_estimators"": 15, ""max_depth"": 2, ""min_samples_split"": 2}",15000,train,um_road,73.95408056058099,58.53923260190809,64.2664794921875,87.08072662353516,9.780038833618164,12.91927719116211
baggingdecision_tree,"{""algorithm_name"": ""decision_tree"", ""criterion"": ""gini"", ""n_estimators"": 15, ""max_depth"": 2, ""min_samples_split"": 2}",15000,train,umm_road,73.08301688378374,66.26631250378139,74.19291687011719,72.00582885742188,7.7306718826293945,27.994165420532227
baggingdecision_tree,"{""algorithm_name"": ""decision_tree"", ""criterion"": ""gini"", ""n_estimators"": 15, ""max_depth"": 2, ""min_samples_split"": 2}",15000,train,uu_road,62.303278928467265,45.431009225250854,49.78179168701172,83.2405776977539,13.317054748535156,16.75942611694336
baggingdecision_tree,"{""algorithm_name"": ""decision_tree"", ""criterion"": ""gini"", ""n_estimators"": 15, ""max_depth"": 2, ""min_samples_split"": 2}",15000,valid,um_road,72.60518698061993,55.73804524336921,61.2169189453125,89.1989974975586,10.663161277770996,10.800999641418457
baggingdecision_tree,"{""algorithm_name"": ""decision_tree"", ""criterion"": ""gini"", ""n_estimators"": 15, ""max_depth"": 2, ""min_samples_split"": 2}",15000,valid,umm_road,78.52102897409658,70.83427142782034,79.58171081542969,77.48825073242188,6.342445373535156,22.511749267578125
baggingdecision_tree,"{""algorithm_name"": ""decision_tree"", ""criterion"": ""gini"", ""n_estimators"": 15, ""max_depth"": 2, ""min_samples_split"": 2}",15000,valid,uu_road,60.30291207195357,42.050739712621784,46.15412902832031,86.96135711669922,14.078237533569336,13.038640022277832
baggingdecision_tree,"{""algorithm_name"": ""decision_tree"", ""criterion"": ""gini"", ""n_estimators"": 15, ""max_depth"": 5, ""min_samples_split"": 2}",15000,train,um_road,83.51094340226862,82.8423724734724,78.93592071533203,88.64891815185547,4.778245449066162,11.351083755493164
baggingdecision_tree,"{""algorithm_name"": ""decision_tree"", ""criterion"": ""gini"", ""n_estimators"": 15, ""max_depth"": 5, ""min_samples_split"": 2}",15000,train,umm_road,83.57421572200553,86.34697046104432,83.123779296875,84.02955627441406,5.265686511993408,15.970441818237305
baggingdecision_tree,"{""algorithm_name"": ""decision_tree"", ""criterion"": ""gini"", ""n_estimators"": 15, ""max_depth"": 5, ""min_samples_split"": 2}",15000,train,uu_road,79.24544693102115,76.1368205811224,77.47506713867188,81.09862518310547,3.7393603324890137,18.90137481689453
baggingdecision_tree,"{""algorithm_name"": ""decision_tree"", ""criterion"": ""gini"", ""n_estimators"": 15, ""max_depth"": 5, ""min_samples_split"": 2}",15000,valid,um_road,84.20181720978248,83.15560379382394,79.99748229980469,88.87258911132812,4.193062782287598,11.127408981323242
baggingdecision_tree,"{""algorithm_name"": ""decision_tree"", ""criterion"": ""gini"", ""n_estimators"": 15, ""max_depth"": 5, ""min_samples_split"": 2}",15000,valid,umm_road,86.63692389699071,87.62249763425518,78.26769256591797,97.01031494140625,8.593219757080078,2.9896836280822754
baggingdecision_tree,"{""algorithm_name"": ""decision_tree"", ""criterion"": ""gini"", ""n_estimators"": 15, ""max_depth"": 5, ""min_samples_split"": 2}",15000,valid,uu_road,80.54179122140803,73.5315523838011,77.36380004882812,83.9920654296875,3.41023325920105,16.007938385009766
baggingdecision_tree,"{""algorithm_name"": ""decision_tree"", ""criterion"": ""gini"", ""n_estimators"": 15, ""max_depth"": 7, ""min_samples_split"": 2}",15000,train,um_road,87.33200353902242,87.42258834463435,85.56582641601562,89.17263793945312,3.038439989089966,10.827364921569824
baggingdecision_tree,"{""algorithm_name"": ""decision_tree"", ""criterion"": ""gini"", ""n_estimators"": 15, ""max_depth"": 7, ""min_samples_split"": 2}",15000,train,umm_road,87.61020280941445,89.03506419566595,84.29045867919922,91.20216369628906,5.24642276763916,8.797839164733887
baggingdecision_tree,"{""algorithm_name"": ""decision_tree"", ""criterion"": ""gini"", ""n_estimators"": 15, ""max_depth"": 7, ""min_samples_split"": 2}",15000,train,uu_road,82.50699196331539,81.363441610401,80.18463134765625,84.96788787841797,3.330030679702759,15.032111167907715
baggingdecision_tree,"{""algorithm_name"": ""decision_tree"", ""criterion"": ""gini"", ""n_estimators"": 15, ""max_depth"": 7, ""min_samples_split"": 2}",15000,valid,um_road,87.6924170128361,86.60516955830384,91.0351333618164,84.58648681640625,1.5717777013778687,15.413509368896484
baggingdecision_tree,"{""algorithm_name"": ""decision_tree"", ""criterion"": ""gini"", ""n_estimators"": 15, ""max_depth"": 7, ""min_samples_split"": 2}",15000,valid,umm_road,90.41982791052882,90.2873643641923,88.10138702392578,92.86358642578125,4.001047611236572,7.136414051055908
baggingdecision_tree,"{""algorithm_name"": ""decision_tree"", ""criterion"": ""gini"", ""n_estimators"": 15, ""max_depth"": 7, ""min_samples_split"": 2}",15000,valid,uu_road,82.46109224751494,80.38264909338314,75.85679626464844,90.32502746582031,3.989224433898926,9.67497444152832
baggingdecision_tree,"{""algorithm_name"": ""decision_tree"", ""criterion"": ""gini"", ""n_estimators"": 15, ""max_depth"": 10, ""min_samples_split"": 2}",15000,train,um_road,90.0542971064375,90.45839772973203,90.1611557006836,89.94768524169922,1.982630729675293,10.052310943603516
baggingdecision_tree,"{""algorithm_name"": ""decision_tree"", ""criterion"": ""gini"", ""n_estimators"": 15, ""max_depth"": 10, ""min_samples_split"": 2}",15000,train,umm_road,91.30121252195389,91.1916168784765,88.91561126708984,93.81835174560547,3.609896183013916,6.181643486022949
baggingdecision_tree,"{""algorithm_name"": ""decision_tree"", ""criterion"": ""gini"", ""n_estimators"": 15, ""max_depth"": 10, ""min_samples_split"": 2}",15000,train,uu_road,84.5502314788396,86.54710107596408,86.36170196533203,82.81319427490234,2.0740585327148438,17.186803817749023
baggingdecision_tree,"{""algorithm_name"": ""decision_tree"", ""criterion"": ""gini"", ""n_estimators"": 15, ""max_depth"": 10, ""min_samples_split"": 2}",15000,valid,um_road,89.48874446064546,90.46374686504379,89.67327117919922,89.30496978759766,1.9405745267868042,10.695030212402344
baggingdecision_tree,"{""algorithm_name"": ""decision_tree"", ""criterion"": ""gini"", ""n_estimators"": 15, ""max_depth"": 10, ""min_samples_split"": 2}",15000,valid,umm_road,92.40084112327732,91.23695483255982,89.49409484863281,95.50273895263672,3.5765931606292725,4.497257232666016
baggingdecision_tree,"{""algorithm_name"": ""decision_tree"", ""criterion"": ""gini"", ""n_estimators"": 15, ""max_depth"": 10, ""min_samples_split"": 2}",15000,valid,uu_road,85.17409625680109,87.22903292485564,85.34766387939453,85.00123596191406,2.0249791145324707,14.998766899108887
baggingdecision_tree,"{""algorithm_name"": ""decision_tree"", ""criterion"": ""gini"", ""n_estimators"": 15, ""max_depth"": 15, ""min_samples_split"": 2}",15000,train,um_road,93.37106024532626,91.60251965064482,92.78688049316406,93.962646484375,1.4754319190979004,6.037356853485107
baggingdecision_tree,"{""algorithm_name"": ""decision_tree"", ""criterion"": ""gini"", ""n_estimators"": 15, ""max_depth"": 15, ""min_samples_split"": 2}",15000,train,umm_road,95.01207502659888,92.32076587951723,93.63304138183594,96.43234252929688,2.0239460468292236,3.567659854888916
baggingdecision_tree,"{""algorithm_name"": ""decision_tree"", ""criterion"": ""gini"", ""n_estimators"": 15, ""max_depth"": 15, ""min_samples_split"": 2}",15000,train,uu_road,89.10150162973973,89.52584092574301,87.37488555908203,90.89773559570312,2.0829758644104004,9.102264404296875
baggingdecision_tree,"{""algorithm_name"": ""decision_tree"", ""criterion"": ""gini"", ""n_estimators"": 15, ""max_depth"": 15, ""min_samples_split"": 2}",15000,valid,um_road,90.47055444278642,90.9304233160433,90.04016876220703,90.90507507324219,1.897401213645935,9.094922065734863
baggingdecision_tree,"{""algorithm_name"": ""decision_tree"", ""criterion"": ""gini"", ""n_estimators"": 15, ""max_depth"": 15, ""min_samples_split"": 2}",15000,valid,umm_road,92.90804140778114,91.79349071305508,91.52748107910156,94.33088684082031,2.785670518875122,5.669112205505371
baggingdecision_tree,"{""algorithm_name"": ""decision_tree"", ""criterion"": ""gini"", ""n_estimators"": 15, ""max_depth"": 15, ""min_samples_split"": 2}",15000,valid,uu_road,85.7259598805941,88.44766704102057,86.9581069946289,84.52823638916016,1.7591884136199951,15.471759796142578
baggingdecision_tree,"{""algorithm_name"": ""decision_tree"", ""criterion"": ""gini"", ""n_estimators"": 25, ""max_depth"": 1, ""min_samples_split"": 2}",15000,train,um_road,57.84791378087757,38.019495063657125,42.73392868041992,89.50303649902344,24.226444244384766,10.496964454650879
baggingdecision_tree,"{""algorithm_name"": ""decision_tree"", ""criterion"": ""gini"", ""n_estimators"": 25, ""max_depth"": 1, ""min_samples_split"": 2}",15000,train,umm_road,70.66478632644888,52.665162702550376,59.066558837890625,87.93074798583984,18.80834197998047,12.069246292114258
baggingdecision_tree,"{""algorithm_name"": ""decision_tree"", ""criterion"": ""gini"", ""n_estimators"": 25, ""max_depth"": 1, ""min_samples_split"": 2}",15000,train,uu_road,50.07606735627389,30.999781214876286,34.846763610839844,88.95082092285156,26.375818252563477,11.04918098449707
baggingdecision_tree,"{""algorithm_name"": ""decision_tree"", ""criterion"": ""gini"", ""n_estimators"": 25, ""max_depth"": 1, ""min_samples_split"": 2}",15000,valid,um_road,56.024046374034434,38.29322506994289,40.535152435302734,90.66997528076172,25.098466873168945,9.33003044128418
baggingdecision_tree,"{""algorithm_name"": ""decision_tree"", ""criterion"": ""gini"", ""n_estimators"": 25, ""max_depth"": 1, ""min_samples_split"": 2}",15000,valid,umm_road,71.4265887663711,53.508071324719296,59.9698371887207,88.29454040527344,18.801958084106445,11.705455780029297
baggingdecision_tree,"{""algorithm_name"": ""decision_tree"", ""criterion"": ""gini"", ""n_estimators"": 25, ""max_depth"": 1, ""min_samples_split"": 2}",15000,valid,uu_road,45.591308664856456,27.328791847251367,30.693950653076172,88.5872802734375,27.75682830810547,11.412714004516602
baggingdecision_tree,"{""algorithm_name"": ""decision_tree"", ""criterion"": ""gini"", ""n_estimators"": 25, ""max_depth"": 2, ""min_samples_split"": 2}",15000,train,um_road,73.94262276658651,58.537426232511294,64.2459716796875,87.08660888671875,9.789436340332031,12.9133939743042
baggingdecision_tree,"{""algorithm_name"": ""decision_tree"", ""criterion"": ""gini"", ""n_estimators"": 25, ""max_depth"": 2, ""min_samples_split"": 2}",15000,train,umm_road,72.84388962396983,66.26140257229311,74.25041198730469,71.48966979980469,7.652225971221924,28.51033592224121
baggingdecision_tree,"{""algorithm_name"": ""decision_tree"", ""criterion"": ""gini"", ""n_estimators"": 25, ""max_depth"": 2, ""min_samples_split"": 2}",15000,train,uu_road,62.30276147077851,45.4340335396013,49.78224563598633,83.23744201660156,13.31631088256836,16.76255226135254
baggingdecision_tree,"{""algorithm_name"": ""decision_tree"", ""criterion"": ""gini"", ""n_estimators"": 25, ""max_depth"": 2, ""min_samples_split"": 2}",15000,valid,um_road,72.59908246981416,55.74469912546719,61.204368591308594,89.20722961425781,10.669784545898438,10.792774200439453
baggingdecision_tree,"{""algorithm_name"": ""decision_tree"", ""criterion"": ""gini"", ""n_estimators"": 25, ""max_depth"": 2, ""min_samples_split"": 2}",15000,valid,umm_road,78.40318048301242,70.82611616606222,79.7646255493164,77.0874252319336,6.238772869110107,22.91257095336914
baggingdecision_tree,"{""algorithm_name"": ""decision_tree"", ""criterion"": ""gini"", ""n_estimators"": 25, ""max_depth"": 2, ""min_samples_split"": 2}",15000,valid,uu_road,60.288597887124716,42.044582497377604,46.136863708496094,86.963134765625,14.088310241699219,13.036865234375
baggingdecision_tree,"{""algorithm_name"": ""decision_tree"", ""criterion"": ""gini"", ""n_estimators"": 25, ""max_depth"": 5, ""min_samples_split"": 2}",15000,train,um_road,83.26729567456272,83.16102417968399,80.8326416015625,85.8531723022461,4.112057685852051,14.146831512451172
baggingdecision_tree,"{""algorithm_name"": ""decision_tree"", ""criterion"": ""gini"", ""n_estimators"": 25, ""max_depth"": 5, ""min_samples_split"": 2}",15000,train,umm_road,84.08940397634332,86.27529940774669,81.00110626220703,87.42253112792969,6.328981399536133,12.577470779418945
baggingdecision_tree,"{""algorithm_name"": ""decision_tree"", ""criterion"": ""gini"", ""n_estimators"": 25, ""max_depth"": 5, ""min_samples_split"": 2}",15000,train,uu_road,79.40777077709676,76.15176703973474,77.58538818359375,81.31782531738281,3.7257983684539795,18.68217658996582
baggingdecision_tree,"{""algorithm_name"": ""decision_tree"", ""criterion"": ""gini"", ""n_estimators"": 25, ""max_depth"": 5, ""min_samples_split"": 2}",15000,valid,um_road,84.32580030023752,83.05995800253427,80.61227416992188,88.39798736572266,4.011651992797852,11.602012634277344
baggingdecision_tree,"{""algorithm_name"": ""decision_tree"", ""criterion"": ""gini"", ""n_estimators"": 25, ""max_depth"": 5, ""min_samples_split"": 2}",15000,valid,umm_road,86.96696575752595,87.49307605204368,84.07672882080078,90.06298065185547,5.441484451293945,9.937019348144531
baggingdecision_tree,"{""algorithm_name"": ""decision_tree"", ""criterion"": ""gini"", ""n_estimators"": 25, ""max_depth"": 5, ""min_samples_split"": 2}",15000,valid,uu_road,80.54578146606953,73.62327579299958,77.43543243408203,83.91645812988281,3.3932394981384277,16.08354377746582
baggingdecision_tree,"{""algorithm_name"": ""decision_tree"", ""criterion"": ""gini"", ""n_estimators"": 25, ""max_depth"": 7, ""min_samples_split"": 2}",15000,train,um_road,87.249915645371,87.5136959251617,85.63079071044922,88.93144989013672,3.0142934322357178,11.068552017211914
baggingdecision_tree,"{""algorithm_name"": ""decision_tree"", ""criterion"": ""gini"", ""n_estimators"": 25, ""max_depth"": 7, ""min_samples_split"": 2}",15000,train,umm_road,87.68595768128395,89.16018149771465,84.609375,90.9947280883789,5.108896732330322,9.00527286529541
baggingdecision_tree,"{""algorithm_name"": ""decision_tree"", ""criterion"": ""gini"", ""n_estimators"": 25, ""max_depth"": 7, ""min_samples_split"": 2}",15000,train,uu_road,82.57731977031504,81.6038493914813,79.80870819091797,85.54492950439453,3.432342052459717,14.455074310302734
baggingdecision_tree,"{""algorithm_name"": ""decision_tree"", ""criterion"": ""gini"", ""n_estimators"": 25, ""max_depth"": 7, ""min_samples_split"": 2}",15000,valid,um_road,87.71582300385494,86.56675014286257,90.69525146484375,84.9259262084961,1.6440521478652954,15.074075698852539
baggingdecision_tree,"{""algorithm_name"": ""decision_tree"", ""criterion"": ""gini"", ""n_estimators"": 25, ""max_depth"": 7, ""min_samples_split"": 2}",15000,valid,umm_road,90.45605752147814,90.38447471873177,89.41450500488281,91.52215576171875,3.4565589427948,8.477843284606934
baggingdecision_tree,"{""algorithm_name"": ""decision_tree"", ""criterion"": ""gini"", ""n_estimators"": 25, ""max_depth"": 7, ""min_samples_split"": 2}",15000,valid,uu_road,82.42785291754035,80.38812852318976,76.11703491210938,89.87972259521484,3.913344144821167,10.120281219482422
baggingdecision_tree,"{""algorithm_name"": ""decision_tree"", ""criterion"": ""gini"", ""n_estimators"": 25, ""max_depth"": 10, ""min_samples_split"": 2}",15000,train,um_road,90.06956269999566,90.41645437763056,91.2315444946289,88.93680572509766,1.7265807390213013,11.063192367553711
baggingdecision_tree,"{""algorithm_name"": ""decision_tree"", ""criterion"": ""gini"", ""n_estimators"": 25, ""max_depth"": 10, ""min_samples_split"": 2}",15000,train,umm_road,91.36024614660721,91.15701350630658,89.17072296142578,93.66000366210938,3.510786294937134,6.340000152587891
baggingdecision_tree,"{""algorithm_name"": ""decision_tree"", ""criterion"": ""gini"", ""n_estimators"": 25, ""max_depth"": 10, ""min_samples_split"": 2}",15000,train,uu_road,84.53397071821584,86.4392160929558,86.61111450195312,82.55412292480469,2.023913621902466,17.44587516784668
baggingdecision_tree,"{""algorithm_name"": ""decision_tree"", ""criterion"": ""gini"", ""n_estimators"": 25, ""max_depth"": 10, ""min_samples_split"": 2}",15000,valid,um_road,89.57143873247134,90.47056312507941,89.4156723022461,89.72775268554688,2.004157304763794,10.272245407104492
baggingdecision_tree,"{""algorithm_name"": ""decision_tree"", ""criterion"": ""gini"", ""n_estimators"": 25, ""max_depth"": 10, ""min_samples_split"": 2}",15000,valid,umm_road,92.56367259116848,91.22237342044313,89.56182861328125,95.77371978759766,3.560922622680664,4.226280212402344
baggingdecision_tree,"{""algorithm_name"": ""decision_tree"", ""criterion"": ""gini"", ""n_estimators"": 25, ""max_depth"": 10, ""min_samples_split"": 2}",15000,valid,uu_road,85.00808667078228,87.2199814286628,84.34326171875,85.68347930908203,2.2071313858032227,14.316519737243652
baggingdecision_tree,"{""algorithm_name"": ""decision_tree"", ""criterion"": ""gini"", ""n_estimators"": 25, ""max_depth"": 15, ""min_samples_split"": 2}",15000,train,um_road,93.47702949846303,91.63499661988062,92.91110229492188,94.04989624023438,1.449428915977478,5.950104236602783
baggingdecision_tree,"{""algorithm_name"": ""decision_tree"", ""criterion"": ""gini"", ""n_estimators"": 25, ""max_depth"": 15, ""min_samples_split"": 2}",15000,train,umm_road,95.10757950094556,92.33914079756168,93.40019989013672,96.87854766845703,2.1129233837127686,3.1214544773101807
baggingdecision_tree,"{""algorithm_name"": ""decision_tree"", ""criterion"": ""gini"", ""n_estimators"": 25, ""max_depth"": 15, ""min_samples_split"": 2}",15000,train,uu_road,89.17039399734432,89.63191721441859,88.08697509765625,90.28079223632812,1.9363691806793213,9.719202995300293
baggingdecision_tree,"{""algorithm_name"": ""decision_tree"", ""criterion"": ""gini"", ""n_estimators"": 25, ""max_depth"": 15, ""min_samples_split"": 2}",15000,valid,um_road,90.58795561343425,90.94679554433115,90.02471923828125,91.15827941894531,1.90596342086792,8.841717720031738
baggingdecision_tree,"{""algorithm_name"": ""decision_tree"", ""criterion"": ""gini"", ""n_estimators"": 25, ""max_depth"": 15, ""min_samples_split"": 2}",15000,valid,umm_road,93.04292843695669,91.82813499809967,91.40800476074219,94.73739624023438,2.8408336639404297,5.262601852416992
baggingdecision_tree,"{""algorithm_name"": ""decision_tree"", ""criterion"": ""gini"", ""n_estimators"": 25, ""max_depth"": 15, ""min_samples_split"": 2}",15000,valid,uu_road,85.88002622054599,88.56287060412474,87.05229187011719,84.73890686035156,1.7489430904388428,15.261086463928223
baggingdecision_tree,"{""algorithm_name"": ""decision_tree"", ""criterion"": ""gini"", ""n_estimators"": 50, ""max_depth"": 1, ""min_samples_split"": 2}",15000,train,um_road,57.83252273642163,37.985358781130216,42.692203521728516,89.61265563964844,24.29751205444336,10.387340545654297
baggingdecision_tree,"{""algorithm_name"": ""decision_tree"", ""criterion"": ""gini"", ""n_estimators"": 50, ""max_depth"": 1, ""min_samples_split"": 2}",15000,train,umm_road,70.66492765219323,52.61882181980505,59.06607437133789,87.93225860595703,18.809040069580078,12.06773853302002
baggingdecision_tree,"{""algorithm_name"": ""decision_tree"", ""criterion"": ""gini"", ""n_estimators"": 50, ""max_depth"": 1, ""min_samples_split"": 2}",15000,train,uu_road,50.06061338941782,30.97383571864563,34.814178466796875,89.06591796875,26.447877883911133,10.934085845947266
baggingdecision_tree,"{""algorithm_name"": ""decision_tree"", ""criterion"": ""gini"", ""n_estimators"": 50, ""max_depth"": 1, ""min_samples_split"": 2}",15000,valid,um_road,55.99571711410878,38.24913111230298,40.48664855957031,90.76455688476562,25.175268173217773,9.235438346862793
baggingdecision_tree,"{""algorithm_name"": ""decision_tree"", ""criterion"": ""gini"", ""n_estimators"": 50, ""max_depth"": 1, ""min_samples_split"": 2}",15000,valid,umm_road,71.42683406910025,53.475399099995855,59.96818542480469,88.29888153076172,18.804176330566406,11.701122283935547
baggingdecision_tree,"{""algorithm_name"": ""decision_tree"", ""criterion"": ""gini"", ""n_estimators"": 50, ""max_depth"": 1, ""min_samples_split"": 2}",15000,valid,uu_road,45.555149430920636,27.292619861905195,30.647260665893555,88.7037124633789,27.85440444946289,11.296285629272461
baggingdecision_tree,"{""algorithm_name"": ""decision_tree"", ""criterion"": ""gini"", ""n_estimators"": 50, ""max_depth"": 2, ""min_samples_split"": 2}",15000,train,um_road,73.9506508336492,58.54475498321692,64.27518463134766,87.05524444580078,9.773473739624023,12.944750785827637
baggingdecision_tree,"{""algorithm_name"": ""decision_tree"", ""criterion"": ""gini"", ""n_estimators"": 50, ""max_depth"": 2, ""min_samples_split"": 2}",15000,train,umm_road,72.85667643746423,66.26639727361682,74.24516296386719,71.5191650390625,7.657484531402588,28.480831146240234
baggingdecision_tree,"{""algorithm_name"": ""decision_tree"", ""criterion"": ""gini"", ""n_estimators"": 50, ""max_depth"": 2, ""min_samples_split"": 2}",15000,train,uu_road,62.3062019464158,45.437447166484255,49.794925689697266,83.21430969238281,13.305859565734863,16.785694122314453
baggingdecision_tree,"{""algorithm_name"": ""decision_tree"", ""criterion"": ""gini"", ""n_estimators"": 50, ""max_depth"": 2, ""min_samples_split"": 2}",15000,valid,um_road,72.6069840824721,55.74611860922346,61.228519439697266,89.1798095703125,10.655660629272461,10.820192337036133
baggingdecision_tree,"{""algorithm_name"": ""decision_tree"", ""criterion"": ""gini"", ""n_estimators"": 50, ""max_depth"": 2, ""min_samples_split"": 2}",15000,valid,umm_road,78.40840378460369,70.83563382643021,79.75910186767578,77.10269165039062,6.242143154144287,22.89731216430664
baggingdecision_tree,"{""algorithm_name"": ""decision_tree"", ""criterion"": ""gini"", ""n_estimators"": 50, ""max_depth"": 2, ""min_samples_split"": 2}",15000,valid,uu_road,60.300754652057456,42.0536028532255,46.159202575683594,86.93437957763672,14.070996284484863,13.065616607666016
baggingdecision_tree,"{""algorithm_name"": ""decision_tree"", ""criterion"": ""gini"", ""n_estimators"": 50, ""max_depth"": 5, ""min_samples_split"": 2}",15000,train,um_road,83.25570738910294,83.11768923024431,79.18869018554688,87.76309204101562,4.658816337585449,12.236903190612793
baggingdecision_tree,"{""algorithm_name"": ""decision_tree"", ""criterion"": ""gini"", ""n_estimators"": 50, ""max_depth"": 5, ""min_samples_split"": 2}",15000,train,umm_road,84.36074778481745,86.41559355868087,81.743896484375,87.15068817138672,6.00753927230835,12.84931468963623
baggingdecision_tree,"{""algorithm_name"": ""decision_tree"", ""criterion"": ""gini"", ""n_estimators"": 50, ""max_depth"": 5, ""min_samples_split"": 2}",15000,train,uu_road,79.8842059941685,76.36361317091355,79.2358627319336,80.54325103759766,3.3473691940307617,19.456750869750977
baggingdecision_tree,"{""algorithm_name"": ""decision_tree"", ""criterion"": ""gini"", ""n_estimators"": 50, ""max_depth"": 5, ""min_samples_split"": 2}",15000,valid,um_road,84.2383445993862,83.1316405909854,80.14517974853516,88.77210998535156,4.149734020233154,11.227895736694336
baggingdecision_tree,"{""algorithm_name"": ""decision_tree"", ""criterion"": ""gini"", ""n_estimators"": 50, ""max_depth"": 5, ""min_samples_split"": 2}",15000,valid,umm_road,87.17702141918436,87.65749204256464,84.63319396972656,89.87850189208984,5.206111907958984,10.121492385864258
baggingdecision_tree,"{""algorithm_name"": ""decision_tree"", ""criterion"": ""gini"", ""n_estimators"": 50, ""max_depth"": 5, ""min_samples_split"": 2}",15000,valid,uu_road,81.02968250205234,73.61921645775428,76.59845733642578,86.00508117675781,3.6461002826690674,13.99492073059082
baggingdecision_tree,"{""algorithm_name"": ""decision_tree"", ""criterion"": ""gini"", ""n_estimators"": 50, ""max_depth"": 7, ""min_samples_split"": 2}",15000,train,um_road,87.38949104968252,87.5005698613494,86.3989028930664,88.4030532836914,2.810995578765869,11.596946716308594
baggingdecision_tree,"{""algorithm_name"": ""decision_tree"", ""criterion"": ""gini"", ""n_estimators"": 50, ""max_depth"": 7, ""min_samples_split"": 2}",15000,train,umm_road,87.69270535622164,89.09989579753237,84.28165435791016,91.39151000976562,5.260812282562256,8.608489036560059
baggingdecision_tree,"{""algorithm_name"": ""decision_tree"", ""criterion"": ""gini"", ""n_estimators"": 50, ""max_depth"": 7, ""min_samples_split"": 2}",15000,train,uu_road,82.55880540559623,81.54215908323106,80.16322326660156,85.10198211669922,3.339780807495117,14.898022651672363
baggingdecision_tree,"{""algorithm_name"": ""decision_tree"", ""criterion"": ""gini"", ""n_estimators"": 50, ""max_depth"": 7, ""min_samples_split"": 2}",15000,valid,um_road,87.6901113546282,86.59281358837679,88.9350357055664,86.47955322265625,2.0302321910858154,13.520442008972168
baggingdecision_tree,"{""algorithm_name"": ""decision_tree"", ""criterion"": ""gini"", ""n_estimators"": 50, ""max_depth"": 7, ""min_samples_split"": 2}",15000,valid,umm_road,90.3469806390111,90.3493082414055,89.26216125488281,91.45849609375,3.509850025177002,8.541501998901367
baggingdecision_tree,"{""algorithm_name"": ""decision_tree"", ""criterion"": ""gini"", ""n_estimators"": 50, ""max_depth"": 7, ""min_samples_split"": 2}",15000,valid,uu_road,82.55823466729959,80.40031455245085,75.94022369384766,90.43985748291016,3.9761223793029785,9.56014347076416
baggingdecision_tree,"{""algorithm_name"": ""decision_tree"", ""criterion"": ""gini"", ""n_estimators"": 50, ""max_depth"": 10, ""min_samples_split"": 2}",15000,train,um_road,90.16002220608222,90.48296756086637,90.7938461303711,89.53498840332031,1.8337571620941162,10.465014457702637
baggingdecision_tree,"{""algorithm_name"": ""decision_tree"", ""criterion"": ""gini"", ""n_estimators"": 50, ""max_depth"": 10, ""min_samples_split"": 2}",15000,train,umm_road,91.3884737690648,91.1712332579177,88.97174835205078,93.94014739990234,3.5940046310424805,6.059850215911865
baggingdecision_tree,"{""algorithm_name"": ""decision_tree"", ""criterion"": ""gini"", ""n_estimators"": 50, ""max_depth"": 10, ""min_samples_split"": 2}",15000,train,uu_road,84.59238738814727,86.60915441424112,84.08165740966797,85.10935974121094,2.555384635925293,14.890641212463379
baggingdecision_tree,"{""algorithm_name"": ""decision_tree"", ""criterion"": ""gini"", ""n_estimators"": 50, ""max_depth"": 10, ""min_samples_split"": 2}",15000,valid,um_road,89.65126763033344,90.50002247449233,89.54515075683594,89.75763702392578,1.9774360656738281,10.24236011505127
baggingdecision_tree,"{""algorithm_name"": ""decision_tree"", ""criterion"": ""gini"", ""n_estimators"": 50, ""max_depth"": 10, ""min_samples_split"": 2}",15000,valid,umm_road,92.52234624920047,91.22453649520351,89.48480224609375,95.77335357666016,3.590275764465332,4.226641654968262
baggingdecision_tree,"{""algorithm_name"": ""decision_tree"", ""criterion"": ""gini"", ""n_estimators"": 50, ""max_depth"": 10, ""min_samples_split"": 2}",15000,valid,uu_road,84.95322114142392,87.39738975496401,84.45706939697266,85.45523834228516,2.1823060512542725,14.544764518737793
baggingdecision_tree,"{""algorithm_name"": ""decision_tree"", ""criterion"": ""gini"", ""n_estimators"": 50, ""max_depth"": 15, ""min_samples_split"": 2}",15000,train,um_road,93.5074097531163,91.64482247776917,92.63725280761719,94.39407348632812,1.5153968334197998,5.605929374694824
baggingdecision_tree,"{""algorithm_name"": ""decision_tree"", ""criterion"": ""gini"", ""n_estimators"": 50, ""max_depth"": 15, ""min_samples_split"": 2}",15000,train,umm_road,95.14104709038746,92.34370575993059,93.58843994140625,96.74604034423828,2.0457277297973633,3.2539613246917725
baggingdecision_tree,"{""algorithm_name"": ""decision_tree"", ""criterion"": ""gini"", ""n_estimators"": 50, ""max_depth"": 15, ""min_samples_split"": 2}",15000,train,uu_road,89.25924859021883,89.68553265322788,87.93899536132812,90.6197509765625,1.9710941314697266,9.3802490234375
baggingdecision_tree,"{""algorithm_name"": ""decision_tree"", ""criterion"": ""gini"", ""n_estimators"": 50, ""max_depth"": 15, ""min_samples_split"": 2}",15000,valid,um_road,90.57177191380359,90.95372055863406,89.37403106689453,91.80205535888672,2.0595145225524902,8.197946548461914
baggingdecision_tree,"{""algorithm_name"": ""decision_tree"", ""criterion"": ""gini"", ""n_estimators"": 50, ""max_depth"": 15, ""min_samples_split"": 2}",15000,valid,umm_road,93.05407171786347,91.84596058752011,91.14456176757812,95.04530334472656,2.945946455001831,4.9546942710876465
baggingdecision_tree,"{""algorithm_name"": ""decision_tree"", ""criterion"": ""gini"", ""n_estimators"": 50, ""max_depth"": 15, ""min_samples_split"": 2}",15000,valid,uu_road,85.90439881365167,88.57019911013651,85.90576934814453,85.90302276611328,1.9557240009307861,14.096973419189453
baggingdecision_tree,"{""algorithm_name"": ""decision_tree"", ""criterion"": ""gini"", ""n_estimators"": 100, ""max_depth"": 1, ""min_samples_split"": 2}",15000,train,um_road,57.832635243882244,37.98351982361768,42.68537902832031,89.6432876586914,24.312597274780273,10.35671329498291
baggingdecision_tree,"{""algorithm_name"": ""decision_tree"", ""criterion"": ""gini"", ""n_estimators"": 100, ""max_depth"": 1, ""min_samples_split"": 2}",15000,train,umm_road,70.66478632644888,52.617228886735134,59.066558837890625,87.93074798583984,18.80834197998047,12.069246292114258
baggingdecision_tree,"{""algorithm_name"": ""decision_tree"", ""criterion"": ""gini"", ""n_estimators"": 100, ""max_depth"": 1, ""min_samples_split"": 2}",15000,train,uu_road,50.060934461728465,30.97317524797018,34.81424331665039,89.0675277709961,26.448286056518555,10.932469367980957
baggingdecision_tree,"{""algorithm_name"": ""decision_tree"", ""criterion"": ""gini"", ""n_estimators"": 100, ""max_depth"": 1, ""min_samples_split"": 2}",15000,valid,um_road,55.98954798429263,38.24277188961972,40.479652404785156,90.76730346679688,25.183338165283203,9.232696533203125
baggingdecision_tree,"{""algorithm_name"": ""decision_tree"", ""criterion"": ""gini"", ""n_estimators"": 100, ""max_depth"": 1, ""min_samples_split"": 2}",15000,valid,umm_road,71.42683406910025,53.474215384027936,59.96818542480469,88.29888153076172,18.804176330566406,11.701122283935547
baggingdecision_tree,"{""algorithm_name"": ""decision_tree"", ""criterion"": ""gini"", ""n_estimators"": 100, ""max_depth"": 1, ""min_samples_split"": 2}",15000,valid,uu_road,45.55531601970612,27.292142986523928,30.647897720336914,88.69963073730469,27.85228729248047,11.300368309020996
baggingdecision_tree,"{""algorithm_name"": ""decision_tree"", ""criterion"": ""gini"", ""n_estimators"": 100, ""max_depth"": 2, ""min_samples_split"": 2}",15000,train,um_road,73.94512518716417,58.5785089187016,64.24620819091797,87.09312438964844,9.790071487426758,12.906871795654297
baggingdecision_tree,"{""algorithm_name"": ""decision_tree"", ""criterion"": ""gini"", ""n_estimators"": 100, ""max_depth"": 2, ""min_samples_split"": 2}",15000,train,umm_road,72.84911611378702,66.30092598883769,74.2484130859375,71.5015869140625,7.654304027557373,28.4984073638916
baggingdecision_tree,"{""algorithm_name"": ""decision_tree"", ""criterion"": ""gini"", ""n_estimators"": 100, ""max_depth"": 2, ""min_samples_split"": 2}",15000,train,uu_road,62.303278928467265,45.46827365724019,49.78179168701172,83.2405776977539,13.317054748535156,16.75942611694336
baggingdecision_tree,"{""algorithm_name"": ""decision_tree"", ""criterion"": ""gini"", ""n_estimators"": 100, ""max_depth"": 2, ""min_samples_split"": 2}",15000,valid,um_road,72.6354242257472,55.82039005105436,61.290157318115234,89.13497924804688,10.622678756713867,10.865020751953125
baggingdecision_tree,"{""algorithm_name"": ""decision_tree"", ""criterion"": ""gini"", ""n_estimators"": 100, ""max_depth"": 2, ""min_samples_split"": 2}",15000,valid,umm_road,78.40371447382834,70.85546565562079,79.76225280761719,77.09068298339844,6.239953994750977,22.909320831298828
baggingdecision_tree,"{""algorithm_name"": ""decision_tree"", ""criterion"": ""gini"", ""n_estimators"": 100, ""max_depth"": 2, ""min_samples_split"": 2}",15000,valid,uu_road,60.32538500522781,42.10323929115331,46.2047233581543,86.87545776367188,14.035728454589844,13.124542236328125
baggingdecision_tree,"{""algorithm_name"": ""decision_tree"", ""criterion"": ""gini"", ""n_estimators"": 100, ""max_depth"": 5, ""min_samples_split"": 2}",15000,train,um_road,83.22763708609057,83.16873504589674,80.84903717041016,85.75042724609375,4.102789402008057,14.249567985534668
baggingdecision_tree,"{""algorithm_name"": ""decision_tree"", ""criterion"": ""gini"", ""n_estimators"": 100, ""max_depth"": 5, ""min_samples_split"": 2}",15000,train,umm_road,84.363252914535,86.42839058516455,82.18937683105469,86.6552505493164,5.796041965484619,13.344745635986328
baggingdecision_tree,"{""algorithm_name"": ""decision_tree"", ""criterion"": ""gini"", ""n_estimators"": 100, ""max_depth"": 5, ""min_samples_split"": 2}",15000,train,uu_road,79.80260030571486,76.43861032954082,79.49256134033203,80.11505889892578,3.277791738510132,19.884937286376953
baggingdecision_tree,"{""algorithm_name"": ""decision_tree"", ""criterion"": ""gini"", ""n_estimators"": 100, ""max_depth"": 5, ""min_samples_split"": 2}",15000,valid,um_road,84.24848832987755,83.00901186500269,80.18804168701172,88.74208068847656,4.137162685394287,11.257919311523438
baggingdecision_tree,"{""algorithm_name"": ""decision_tree"", ""criterion"": ""gini"", ""n_estimators"": 100, ""max_depth"": 5, ""min_samples_split"": 2}",15000,valid,umm_road,86.97716860709403,87.57388031809889,84.85586547851562,89.2072525024414,5.078991413116455,10.792749404907227
baggingdecision_tree,"{""algorithm_name"": ""decision_tree"", ""criterion"": ""gini"", ""n_estimators"": 100, ""max_depth"": 5, ""min_samples_split"": 2}",15000,valid,uu_road,80.9727173740852,73.84580503309714,76.37120819091797,86.1642837524414,3.6992979049682617,13.835718154907227
baggingdecision_tree,"{""algorithm_name"": ""decision_tree"", ""criterion"": ""gini"", ""n_estimators"": 100, ""max_depth"": 7, ""min_samples_split"": 2}",15000,train,um_road,87.42764805137116,87.51992883971042,86.32941436767578,88.55418395996094,2.8324661254882812,11.445816993713379
baggingdecision_tree,"{""algorithm_name"": ""decision_tree"", ""criterion"": ""gini"", ""n_estimators"": 100, ""max_depth"": 7, ""min_samples_split"": 2}",15000,train,umm_road,87.75074230764261,89.16091440859887,85.10773468017578,90.56316375732422,4.891210556030273,9.436834335327148
baggingdecision_tree,"{""algorithm_name"": ""decision_tree"", ""criterion"": ""gini"", ""n_estimators"": 100, ""max_depth"": 7, ""min_samples_split"": 2}",15000,train,uu_road,82.58355649061268,81.80748169694103,80.2719497680664,85.03225708007812,3.3142600059509277,14.967748641967773
baggingdecision_tree,"{""algorithm_name"": ""decision_tree"", ""criterion"": ""gini"", ""n_estimators"": 100, ""max_depth"": 7, ""min_samples_split"": 2}",15000,valid,um_road,87.83417832384417,86.76418217510069,84.74930572509766,91.15211486816406,3.095104932785034,8.84788703918457
baggingdecision_tree,"{""algorithm_name"": ""decision_tree"", ""criterion"": ""gini"", ""n_estimators"": 100, ""max_depth"": 7, ""min_samples_split"": 2}",15000,valid,umm_road,90.444931876035,90.39843009313185,89.5403060913086,91.3680191040039,3.4049386978149414,8.631978034973145
baggingdecision_tree,"{""algorithm_name"": ""decision_tree"", ""criterion"": ""gini"", ""n_estimators"": 100, ""max_depth"": 7, ""min_samples_split"": 2}",15000,valid,uu_road,82.51680491697408,80.65982286481962,75.90902709960938,90.38465881347656,3.9804811477661133,9.615340232849121
baggingdecision_tree,"{""algorithm_name"": ""decision_tree"", ""criterion"": ""gini"", ""n_estimators"": 100, ""max_depth"": 10, ""min_samples_split"": 2}",15000,train,um_road,90.15447688846608,90.49540250531135,90.4806900024414,89.83060455322266,1.9089795351028442,10.169391632080078
baggingdecision_tree,"{""algorithm_name"": ""decision_tree"", ""criterion"": ""gini"", ""n_estimators"": 100, ""max_depth"": 10, ""min_samples_split"": 2}",15000,train,umm_road,91.38154846413818,91.17103625729175,89.1697769165039,93.7058334350586,3.5128493309020996,6.29416561126709
baggingdecision_tree,"{""algorithm_name"": ""decision_tree"", ""criterion"": ""gini"", ""n_estimators"": 100, ""max_depth"": 10, ""min_samples_split"": 2}",15000,train,uu_road,84.58019300255728,86.5571300077691,85.6986083984375,83.49059295654297,2.2096545696258545,16.50940704345703
baggingdecision_tree,"{""algorithm_name"": ""decision_tree"", ""criterion"": ""gini"", ""n_estimators"": 100, ""max_depth"": 10, ""min_samples_split"": 2}",15000,valid,um_road,89.61483735293602,90.42414913319405,89.69384765625,89.53596496582031,1.9412729740142822,10.464034080505371
baggingdecision_tree,"{""algorithm_name"": ""decision_tree"", ""criterion"": ""gini"", ""n_estimators"": 100, ""max_depth"": 10, ""min_samples_split"": 2}",15000,valid,umm_road,92.50951835174261,91.2277239498838,89.58175659179688,95.63511657714844,3.5481903553009033,4.364883899688721
baggingdecision_tree,"{""algorithm_name"": ""decision_tree"", ""criterion"": ""gini"", ""n_estimators"": 100, ""max_depth"": 10, ""min_samples_split"": 2}",15000,valid,uu_road,84.99907966056465,87.31127218828081,84.76219940185547,85.23728942871094,2.1263253688812256,14.762713432312012
baggingdecision_tree,"{""algorithm_name"": ""decision_tree"", ""criterion"": ""gini"", ""n_estimators"": 100, ""max_depth"": 15, ""min_samples_split"": 2}",15000,train,um_road,93.51656334429266,91.63594448278968,92.75406646728516,94.29170227050781,1.487859845161438,5.708302021026611
baggingdecision_tree,"{""algorithm_name"": ""decision_tree"", ""criterion"": ""gini"", ""n_estimators"": 100, ""max_depth"": 15, ""min_samples_split"": 2}",15000,train,umm_road,95.19855616105066,92.35274623660385,93.64807891845703,96.8012466430664,2.0265650749206543,3.1987569332122803
baggingdecision_tree,"{""algorithm_name"": ""decision_tree"", ""criterion"": ""gini"", ""n_estimators"": 100, ""max_depth"": 15, ""min_samples_split"": 2}",15000,train,uu_road,89.24546030130477,89.66332240792134,87.69224548339844,90.85468292236328,2.0223069190979004,9.145316123962402
baggingdecision_tree,"{""algorithm_name"": ""decision_tree"", ""criterion"": ""gini"", ""n_estimators"": 100, ""max_depth"": 15, ""min_samples_split"": 2}",15000,valid,um_road,90.59112650854537,90.96412581514488,89.7798080444336,91.41724395751953,1.9636485576629639,8.582756042480469
baggingdecision_tree,"{""algorithm_name"": ""decision_tree"", ""criterion"": ""gini"", ""n_estimators"": 100, ""max_depth"": 15, ""min_samples_split"": 2}",15000,valid,umm_road,93.09079336325541,91.85202280066444,91.42024230957031,94.82353973388672,2.8389902114868164,5.176459789276123
baggingdecision_tree,"{""algorithm_name"": ""decision_tree"", ""criterion"": ""gini"", ""n_estimators"": 100, ""max_depth"": 15, ""min_samples_split"": 2}",15000,valid,uu_road,85.94223027141479,88.61733436192729,85.40606689453125,86.48516845703125,2.0507161617279053,13.514826774597168
baggingdecision_tree,"{""algorithm_name"": ""decision_tree"", ""criterion"": ""gini"", ""n_estimators"": 150, ""max_depth"": 1, ""min_samples_split"": 2}",15000,train,um_road,57.84791378087757,38.019495063657125,42.73392868041992,89.50303649902344,24.226444244384766,10.496964454650879
baggingdecision_tree,"{""algorithm_name"": ""decision_tree"", ""criterion"": ""gini"", ""n_estimators"": 150, ""max_depth"": 1, ""min_samples_split"": 2}",15000,train,umm_road,70.66492765219323,52.665162702550376,59.06607437133789,87.93225860595703,18.809040069580078,12.06773853302002
baggingdecision_tree,"{""algorithm_name"": ""decision_tree"", ""criterion"": ""gini"", ""n_estimators"": 150, ""max_depth"": 1, ""min_samples_split"": 2}",15000,train,uu_road,50.07606735627389,30.999781214876286,34.846763610839844,88.95082092285156,26.375818252563477,11.04918098449707
baggingdecision_tree,"{""algorithm_name"": ""decision_tree"", ""criterion"": ""gini"", ""n_estimators"": 150, ""max_depth"": 1, ""min_samples_split"": 2}",15000,valid,um_road,56.024046374034434,38.29322506994289,40.535152435302734,90.66997528076172,25.098466873168945,9.33003044128418
baggingdecision_tree,"{""algorithm_name"": ""decision_tree"", ""criterion"": ""gini"", ""n_estimators"": 150, ""max_depth"": 1, ""min_samples_split"": 2}",15000,valid,umm_road,71.42683406910025,53.508071324719296,59.96818542480469,88.29888153076172,18.804176330566406,11.701122283935547
baggingdecision_tree,"{""algorithm_name"": ""decision_tree"", ""criterion"": ""gini"", ""n_estimators"": 150, ""max_depth"": 1, ""min_samples_split"": 2}",15000,valid,uu_road,45.591308664856456,27.328791847251367,30.693950653076172,88.5872802734375,27.75682830810547,11.412714004516602
baggingdecision_tree,"{""algorithm_name"": ""decision_tree"", ""criterion"": ""gini"", ""n_estimators"": 150, ""max_depth"": 2, ""min_samples_split"": 2}",15000,train,um_road,73.9461893778176,58.52410904960589,64.24607849121094,87.09632110595703,9.790486335754395,12.903678894042969
baggingdecision_tree,"{""algorithm_name"": ""decision_tree"", ""criterion"": ""gini"", ""n_estimators"": 150, ""max_depth"": 2, ""min_samples_split"": 2}",15000,train,umm_road,73.08323560078706,66.26777941036556,74.19336700439453,72.00582885742188,7.730489730834961,27.994165420532227
baggingdecision_tree,"{""algorithm_name"": ""decision_tree"", ""criterion"": ""gini"", ""n_estimators"": 150, ""max_depth"": 2, ""min_samples_split"": 2}",15000,train,uu_road,62.303278928467265,45.42995973579203,49.78179168701172,83.2405776977539,13.317054748535156,16.75942611694336
baggingdecision_tree,"{""algorithm_name"": ""decision_tree"", ""criterion"": ""gini"", ""n_estimators"": 150, ""max_depth"": 2, ""min_samples_split"": 2}",15000,valid,um_road,72.59970692243344,55.729296597179754,61.20299530029297,89.21202087402344,10.670973777770996,10.787976264953613
baggingdecision_tree,"{""algorithm_name"": ""decision_tree"", ""criterion"": ""gini"", ""n_estimators"": 150, ""max_depth"": 2, ""min_samples_split"": 2}",15000,valid,umm_road,78.52102897409658,70.82674296223514,79.58171081542969,77.48825073242188,6.342445373535156,22.511749267578125
baggingdecision_tree,"{""algorithm_name"": ""decision_tree"", ""criterion"": ""gini"", ""n_estimators"": 150, ""max_depth"": 2, ""min_samples_split"": 2}",15000,valid,uu_road,60.288597887124716,42.037363752030835,46.136863708496094,86.963134765625,14.088310241699219,13.036865234375
